SurveyName,SurveyId,DHS_CountryCode,SurveyYear,SurveyType,SurveyStatus,CountryName,SurveyYearLabel,clusterid,latitude,longitude,region,urban_rural,young_child_wt.clustcount,had_fever_wt.clustcount,public_treat_wt.clustcount,any_treat_wt.clustcount,had_fever_wt.clustprop,fever_public_treat_wt.clustprop,fever_any_treat_wt.clustprop
MD2011MIS,396,MD,2011,MIS,Completed,Madagascar,2011,1,-18.810593,47.547694,11,2,21.06066,5.616176,1.404044,1.404044,0.26666666666666672,0.25,0.25
MD2011MIS,396,MD,2011,MIS,Completed,Madagascar,2011,2,-18.821461,47.562162,11,2,17.090238,4.660974,0,1.553658,0.27272727272727276,0,0.33333333333333331
MD2011MIS,396,MD,2011,MIS,Completed,Madagascar,2011,3,-18.858146,47.578433,11,2,4.679024,1.002648,0.334216,0.334216,0.21428571428571427,0.33333333333333337,0.33333333333333337
MD2011MIS,396,MD,2011,MIS,Completed,Madagascar,2011,4,-18.751188,47.627068,11,2,30.79125,13.685,3.42125,5.131875,0.44444444444444442,0.25,0.375
MD2011MIS,396,MD,2011,MIS,Completed,Madagascar,2011,5,-18.790909,47.455721,11,2,41.04804,7.46328,0,1.86582,0.18181818181818182,0,0.25
MD2011MIS,396,MD,2011,MIS,Completed,Madagascar,2011,6,-18.824424,47.519282,11,2,25.528284,8.509428,2.836476,7.09119,0.33333333333333331,0.33333333333333337,0.83333333333333337
MD2011MIS,396,MD,2011,MIS,Completed,Madagascar,2011,7,-18.800020,47.480781,11,2,4.499016,0.749836,0,0,0.16666666666666666,0,0
MD2011MIS,396,MD,2011,MIS,Completed,Madagascar,2011,8,-18.749716,47.362492,11,2,12.909512,2.766324,1.844216,1.844216,0.2142857142857143,0.66666666666666674,0.66666666666666674
MD2011MIS,396,MD,2011,MIS,Completed,Madagascar,2011,9,-18.884661,47.407665,11,2,23.458825,0,0,0,0,0,0
MD2011MIS,396,MD,2011,MIS,Completed,Madagascar,2011,10,-18.286927,47.093812,11,2,26.845488,0,0,0,0,0,0
MD2011MIS,396,MD,2011,MIS,Completed,Madagascar,2011,11,-18.659250,47.068361,11,2,22.972158,3.828693,0,0,0.16666666666666666,0,0
MD2011MIS,396,MD,2011,MIS,Completed,Madagascar,2011,12,-19.029857,47.823218,11,2,12.82432,0.80152,0,0,0.0625,0,0
MD2011MIS,396,MD,2011,MIS,Completed,Madagascar,2011,13,-19.098130,47.818496,11,2,27.3646,4.378336,1.094584,1.094584,0.16,0.25,0.25
MD2011MIS,396,MD,2011,MIS,Completed,Madagascar,2011,14,-18.527545,47.776571,11,2,34.791288,3.313456,0,1.656728,0.095238095238095233,0,0.5
MD2011MIS,396,MD,2011,MIS,Completed,Madagascar,2011,15,-18.269603,47.631014,11,2,33.567534,2.582118,2.582118,2.582118,0.076923076923076913,1,1
MD2011MIS,396,MD,2011,MIS,Completed,Madagascar,2011,16,-18.197057,47.538238,11,2,76.767642,2.843246,0,2.843246,0.037037037037037042,0,1
MD2011MIS,396,MD,2011,MIS,Completed,Madagascar,2011,17,-19.188129,47.683280,11,2,33.427855,1.453385,1.453385,1.453385,0.043478260869565216,1,1
MD2011MIS,396,MD,2011,MIS,Completed,Madagascar,2011,18,-18.930320,47.495588,11,2,15.532636,4.437896,0,2.218948,0.28571428571428575,0,0.5
MD2011MIS,396,MD,2011,MIS,Completed,Madagascar,2011,19,-18.925338,47.480818,11,2,21.072506,9.725772,4.862886,6.483848,0.46153846153846151,0.5,0.66666666666666674
MD2011MIS,396,MD,2011,MIS,Completed,Madagascar,2011,20,-18.911644,47.454640,11,2,14.383038,4.542012,0.757002,2.271006,0.31578947368421051,0.16666666666666666,0.5
MD2011MIS,396,MD,2011,MIS,Completed,Madagascar,2011,21,-18.964544,47.530418,11,2,9.0018,6.75135,3.375675,5.626125,0.75000000000000011,0.5,0.83333333333333326
MD2011MIS,396,MD,2011,MIS,Completed,Madagascar,2011,22,-18.961090,47.564298,11,2,17.751587,5.221055,1.044211,3.132633,0.29411764705882348,0.20000000000000001,0.59999999999999998
MD2011MIS,396,MD,2011,MIS,Completed,Madagascar,2011,23,-18.908991,47.435086,11,2,11.788032,3.68376,0,0.736752,0.3125,0,0.19999999999999998
MD2011MIS,396,MD,2011,MIS,Completed,Madagascar,2011,24,-18.996418,47.556018,11,2,29.666391,6.245556,3.122778,4.684167,0.21052631578947367,0.5,0.75000000000000011
MD2011MIS,396,MD,2011,MIS,Completed,Madagascar,2011,25,-19.795970,46.743490,12,2,12.497419,1.136129,0,0,0.090909090909090898,0,0
MD2011MIS,396,MD,2011,MIS,Completed,Madagascar,2011,26,-19.713559,46.598851,12,2,20.944255,3.696045,1.232015,1.232015,0.17647058823529413,0.33333333333333337,0.33333333333333337
MD2011MIS,396,MD,2011,MIS,Completed,Madagascar,2011,27,-19.228937,47.004783,12,2,14.044824,1.170402,0,0,0.083333333333333329,0,0
MD2011MIS,396,MD,2011,MIS,Completed,Madagascar,2011,28,-20.079001,47.005250,12,2,18.14756,2.722134,0,0,0.15000000000000002,0,0
MD2011MIS,396,MD,2011,MIS,Completed,Madagascar,2011,29,0.000000,0.000000,12,2,27.094288,3.386786,0,0,0.125,0,0
MD2011MIS,396,MD,2011,MIS,Completed,Madagascar,2011,30,-19.008488,47.180054,13,1,0.96612,0.128816,0,0.064408,0.13333333333333336,0,0.5
MD2011MIS,396,MD,2011,MIS,Completed,Madagascar,2011,31,-19.030139,47.214850,13,1,2.45135,0.334275,0,0.111425,0.13636363636363635,0,0.33333333333333331
MD2011MIS,396,MD,2011,MIS,Completed,Madagascar,2011,32,-18.979507,47.332145,13,2,14.680148,1.048582,0,0,0.071428571428571425,0,0
MD2011MIS,396,MD,2011,MIS,Completed,Madagascar,2011,33,-19.097815,47.434847,13,2,18.96648,2.91792,0,0,0.15384615384615385,0,0
MD2011MIS,396,MD,2011,MIS,Completed,Madagascar,2011,34,-18.951216,46.913205,13,1,0.852644,0.393528,0.196764,0.32794,0.46153846153846156,0.5,0.83333333333333337
MD2011MIS,396,MD,2011,MIS,Completed,Madagascar,2011,35,-18.959824,46.912287,13,1,2.081616,0.367344,0.244896,0.244896,0.17647058823529413,0.66666666666666663,0.66666666666666663
MD2011MIS,396,MD,2011,MIS,Completed,Madagascar,2011,36,-18.889907,46.846469,13,2,49.396776,7.599504,1.899876,1.899876,0.15384615384615383,0.25,0.25
MD2011MIS,396,MD,2011,MIS,Completed,Madagascar,2011,37,-18.950335,46.728770,13,2,17.571744,0,0,0,0,0,0
MD2011MIS,396,MD,2011,MIS,Completed,Madagascar,2011,38,-18.710796,46.664877,13,2,41.681142,1.543746,1.543746,1.543746,0.037037037037037035,1,1
MD2011MIS,396,MD,2011,MIS,Completed,Madagascar,2011,39,-19.120893,46.827897,13,2,72.915015,5.335245,0,0,0.073170731707317069,0,0
MD2011MIS,396,MD,2011,MIS,Completed,Madagascar,2011,40,-18.768371,46.051483,14,1,14.614695,0.541285,0,0,0.037037037037037042,0,0
MD2011MIS,396,MD,2011,MIS,Completed,Madagascar,2011,41,-18.998623,46.092869,14,2,76.1525120000001,16.465408,2.058176,2.058176,0.21621621621621592,0.125,0.125
MD2011MIS,396,MD,2011,MIS,Completed,Madagascar,2011,42,-18.973699,45.632391,14,2,14.27517,0,0,0,0,0,0
MD2011MIS,396,MD,2011,MIS,Completed,Madagascar,2011,43,-18.466561,46.556541,14,2,47.22824,5.90353,5.90353,5.90353,0.125,1,1
MD2011MIS,396,MD,2011,MIS,Completed,Madagascar,2011,44,-21.845952,46.982070,21,1,2.963004,0.538728,0,0.269364,0.1818181818181818,0,0.5
MD2011MIS,396,MD,2011,MIS,Completed,Madagascar,2011,45,-21.827074,46.939195,21,1,2.730312,0.606736,0,0,0.22222222222222224,0,0
MD2011MIS,396,MD,2011,MIS,Completed,Madagascar,2011,46,-21.866316,46.884869,21,1,3.2472,0.8118,0.1353,0.2706,0.25,0.16666666666666669,0.33333333333333337
MD2011MIS,396,MD,2011,MIS,Completed,Madagascar,2011,47,-21.804015,46.886401,21,2,25.927486,0,0,0,0,0,0
MD2011MIS,396,MD,2011,MIS,Completed,Madagascar,2011,48,-21.981082,46.440778,21,2,76.815564,2.743413,2.743413,2.743413,0.035714285714285712,1,1
MD2011MIS,396,MD,2011,MIS,Completed,Madagascar,2011,49,-21.095810,47.215887,21,1,2.627658,0.437943,0.437943,0.437943,0.16666666666666669,1,1
MD2011MIS,396,MD,2011,MIS,Completed,Madagascar,2011,50,-21.070149,47.277188,21,2,21.958608,7.319536,1.829884,1.829884,0.33333333333333331,0.25,0.25
MD2011MIS,396,MD,2011,MIS,Completed,Madagascar,2011,51,-20.975458,47.260390,21,2,27.43782,3.658376,1.829188,1.829188,0.13333333333333333,0.5,0.5
MD2011MIS,396,MD,2011,MIS,Completed,Madagascar,2011,52,-20.824506,47.196207,21,2,33.390414,4.910355,0.982071,0.982071,0.14705882352941177,0.20000000000000001,0.20000000000000001
MD2011MIS,396,MD,2011,MIS,Completed,Madagascar,2011,53,-21.453046,46.489012,21,2,24.280578,3.468654,0,0,0.14285714285714285,0,0
MD2011MIS,396,MD,2011,MIS,Completed,Madagascar,2011,54,-21.434238,47.265952,21,2,25.4112,7.115136,4.065792,6.098688,0.27999999999999997,0.57142857142857151,0.85714285714285721
MD2011MIS,396,MD,2011,MIS,Completed,Madagascar,2011,55,-21.482862,47.207820,21,2,18.25446,5.21556,3.91167,4.563615,0.2857142857142857,0.75,0.87500000000000011
MD2011MIS,396,MD,2011,MIS,Completed,Madagascar,2011,56,-21.583399,47.032469,21,2,7.902042,0.464826,0,0,0.058823529411764712,0,0
MD2011MIS,396,MD,2011,MIS,Completed,Madagascar,2011,57,-21.680617,47.045375,21,2,27.589325,4.414292,2.207146,2.207146,0.16,0.5,0.5
MD2011MIS,396,MD,2011,MIS,Completed,Madagascar,2011,58,-21.485643,46.931917,21,2,31.418598,2.732052,1.366026,1.366026,0.086956521739130432,0.5,0.5
MD2011MIS,396,MD,2011,MIS,Completed,Madagascar,2011,59,-21.153660,46.878741,21,2,37.768216,8.290584,3.684704,4.60588,0.21951219512195122,0.44444444444444442,0.55555555555555547
MD2011MIS,396,MD,2011,MIS,Completed,Madagascar,2011,60,-20.359333,46.902764,22,2,38.290912,7.179546,2.393182,2.393182,0.1875,0.33333333333333331,0.33333333333333331
MD2011MIS,396,MD,2011,MIS,Completed,Madagascar,2011,61,-20.530808,47.247873,22,1,3.961494,0.293444,0,0,0.07407407407407407,0,0
MD2011MIS,396,MD,2011,MIS,Completed,Madagascar,2011,62,-20.532290,47.221758,22,1,2.883168,0.840924,0,0.480528,0.29166666666666669,0,0.5714285714285714
MD2011MIS,396,MD,2011,MIS,Completed,Madagascar,2011,63,-20.534598,47.245544,22,1,1.712461,0.201466,0.100733,0.100733,0.11764705882352941,0.5,0.5
MD2011MIS,396,MD,2011,MIS,Completed,Madagascar,2011,64,-20.531865,47.252028,22,1,2.349904,0.440607,0.146869,0.293738,0.1875,0.33333333333333331,0.66666666666666663
MD2011MIS,396,MD,2011,MIS,Completed,Madagascar,2011,65,-20.553586,47.248228,22,1,1.32392,0.264784,0,0.066196,0.20000000000000001,0,0.25
MD2011MIS,396,MD,2011,MIS,Completed,Madagascar,2011,66,-20.547692,47.192479,22,2,30.419874,2.253324,1.126662,1.126662,0.074074074074074084,0.5,0.5
MD2011MIS,396,MD,2011,MIS,Completed,Madagascar,2011,67,-20.557338,47.311613,22,2,29.535562,6.080851,0.868693,1.737386,0.20588235294117649,0.14285714285714288,0.28571428571428575
MD2011MIS,396,MD,2011,MIS,Completed,Madagascar,2011,68,-20.708045,47.615758,22,2,56.008744,14.825844,1.647316,3.294632,0.26470588235294118,0.1111111111111111,0.22222222222222221
MD2011MIS,396,MD,2011,MIS,Completed,Madagascar,2011,69,-20.083968,47.351364,22,2,28.587533,5.914662,1.971554,1.971554,0.20689655172413793,0.33333333333333337,0.33333333333333337
MD2011MIS,396,MD,2011,MIS,Completed,Madagascar,2011,70,-20.124294,47.483809,22,2,36.80181,4.906908,1.226727,1.226727,0.1333333333333333,0.25,0.25
MD2011MIS,396,MD,2011,MIS,Completed,Madagascar,2011,71,-20.695470,47.072926,22,2,32.280228,9.564512,4.782256,4.782256,0.29629629629629628,0.5,0.5
MD2011MIS,396,MD,2011,MIS,Completed,Madagascar,2011,72,-21.656448,47.669610,23,2,45.961539,10.606509,0,0,0.23076923076923078,0,0
MD2011MIS,396,MD,2011,MIS,Completed,Madagascar,2011,73,-20.607966,48.275311,23,2,49.740617,10.754728,1.344341,1.344341,0.21621621621621623,0.125,0.125
MD2011MIS,396,MD,2011,MIS,Completed,Madagascar,2011,74,-20.768536,47.934580,23,2,33.372024,4.767432,0,0,0.14285714285714285,0,0
MD2011MIS,396,MD,2011,MIS,Completed,Madagascar,2011,75,-20.997550,48.427396,23,2,25.585816,7.52524,0,1.505048,0.29411764705882354,0,0.19999999999999998
MD2011MIS,396,MD,2011,MIS,Completed,Madagascar,2011,76,-22.147019,48.001797,23,1,9.631248,0.601953,0.601953,0.601953,0.0625,1,1
MD2011MIS,396,MD,2011,MIS,Completed,Madagascar,2011,77,-22.213826,47.914275,23,2,94.33044,42.448698,9.433044,9.433044,0.45000000000000001,0.22222222222222224,0.22222222222222224
MD2011MIS,396,MD,2011,MIS,Completed,Madagascar,2011,78,-22.210041,47.733723,23,2,10.950066,3.650022,1.216674,1.216674,0.33333333333333331,0.33333333333333337,0.33333333333333337
MD2011MIS,396,MD,2011,MIS,Completed,Madagascar,2011,79,-21.758729,47.802928,23,2,24.3568,9.74272,0.974272,0.974272,0.40000000000000002,0.10000000000000001,0.10000000000000001
MD2011MIS,396,MD,2011,MIS,Completed,Madagascar,2011,80,-21.546575,47.477769,23,2,40.83075,4.53675,3.0245,3.0245,0.11111111111111109,0.66666666666666674,0.66666666666666674
MD2011MIS,396,MD,2011,MIS,Completed,Madagascar,2011,81,-22.244215,47.770330,23,2,47.213539,5.554534,0,2.777267,0.11764705882352942,0,0.5
MD2011MIS,396,MD,2011,MIS,Completed,Madagascar,2011,82,-22.398881,46.115593,24,1,9.356328,1.169541,0,0.389847,0.125,0,0.33333333333333337
MD2011MIS,396,MD,2011,MIS,Completed,Madagascar,2011,83,-22.223783,46.143445,24,2,77.865096,9.733137,0,3.244379,0.125,0,0.33333333333333337
MD2011MIS,396,MD,2011,MIS,Completed,Madagascar,2011,84,-22.459709,46.893775,24,2,98.923573,6.382166,0,0,0.064516129032258063,0,0
MD2011MIS,396,MD,2011,MIS,Completed,Madagascar,2011,85,-22.816378,47.821129,25,1,18.387991,3.558966,0,1.779483,0.19354838709677419,0,0.5
MD2011MIS,396,MD,2011,MIS,Completed,Madagascar,2011,86,-22.858636,47.707735,25,2,110.389712,21.539456,5.384864,5.384864,0.1951219512195122,0.25,0.25
MD2011MIS,396,MD,2011,MIS,Completed,Madagascar,2011,87,-22.937315,47.445954,25,2,100.7097,11.98925,2.39785,2.39785,0.11904761904761905,0.20000000000000001,0.20000000000000001
MD2011MIS,396,MD,2011,MIS,Completed,Madagascar,2011,88,-23.341150,47.599968,25,1,6.215295,2.071765,0,0.828706,0.33333333333333331,0,0.40000000000000002
MD2011MIS,396,MD,2011,MIS,Completed,Madagascar,2011,89,-23.340634,47.649853,25,2,37.090844,5.298692,2.649346,2.649346,0.14285714285714288,0.5,0.5
MD2011MIS,396,MD,2011,MIS,Completed,Madagascar,2011,90,-23.453576,47.297468,25,2,42.415854,19.576548,3.262758,8.700688,0.46153846153846145,0.16666666666666666,0.44444444444444442
MD2011MIS,396,MD,2011,MIS,Completed,Madagascar,2011,91,-23.536787,47.008872,25,2,42.6063,7.10105,4.26063,5.68084,0.16666666666666669,0.59999999999999998,0.80000000000000004
MD2011MIS,396,MD,2011,MIS,Completed,Madagascar,2011,92,-23.892736,46.951756,25,2,33.425325,4.011039,1.337013,1.337013,0.12000000000000001,0.33333333333333331,0.33333333333333331
MD2011MIS,396,MD,2011,MIS,Completed,Madagascar,2011,93,-18.164950,49.402344,31,1,5.64528,1.88176,0.47044,1.41132,0.33333333333333337,0.25,0.74999999999999989
MD2011MIS,396,MD,2011,MIS,Completed,Madagascar,2011,94,-18.160132,49.410516,31,1,3.361608,0,0,0,0,0,0
MD2011MIS,396,MD,2011,MIS,Completed,Madagascar,2011,95,-18.140599,49.392335,31,1,9.915516,2.203448,0,1.101724,0.22222222222222221,0,0.5
MD2011MIS,396,MD,2011,MIS,Completed,Madagascar,2011,96,-18.163728,49.391653,31,1,6.068667,1.655091,1.103394,1.655091,0.27272727272727276,0.66666666666666663,1
MD2011MIS,396,MD,2011,MIS,Completed,Madagascar,2011,97,-18.136429,49.406226,31,1,5.26485,1.40396,0,1.05297,0.26666666666666666,0,0.74999999999999989
MD2011MIS,396,MD,2011,MIS,Completed,Madagascar,2011,98,-18.152520,49.399221,31,1,5.89526,2.358104,0,0.589526,0.39999999999999997,0,0.25
MD2011MIS,396,MD,2011,MIS,Completed,Madagascar,2011,99,-18.146156,49.400009,31,1,5.32004,1.45092,0.48364,0.48364,0.27272727272727276,0.33333333333333337,0.33333333333333337
MD2011MIS,396,MD,2011,MIS,Completed,Madagascar,2011,100,-18.142362,49.381254,31,1,6.679829,1.541499,0,1.027666,0.23076923076923078,0,0.66666666666666663
MD2011MIS,396,MD,2011,MIS,Completed,Madagascar,2011,101,-18.942186,48.688528,31,2,45.958709,2.965078,0,0,0.064516129032258063,0,0
MD2011MIS,396,MD,2011,MIS,Completed,Madagascar,2011,102,-19.336450,48.975242,31,1,6.01693,0.601693,0,0,0.10000000000000001,0,0
MD2011MIS,396,MD,2011,MIS,Completed,Madagascar,2011,103,-19.591787,48.750527,31,2,140.556837,23.924568,5.981142,11.962284,0.1702127659574468,0.25,0.5
MD2011MIS,396,MD,2011,MIS,Completed,Madagascar,2011,104,-20.150625,48.510158,31,2,79.677576,15.492862,2.213266,6.639798,0.19444444444444445,0.14285714285714285,0.42857142857142855
MD2011MIS,396,MD,2011,MIS,Completed,Madagascar,2011,105,-20.161612,48.014762,31,2,27.86574,5.30776,0,2.65388,0.19047619047619049,0,0.5
MD2011MIS,396,MD,2011,MIS,Completed,Madagascar,2011,106,-17.898826,49.411395,31,2,26.556656,3.793808,0,1.896904,0.14285714285714285,0,0.5
MD2011MIS,396,MD,2011,MIS,Completed,Madagascar,2011,107,-17.848489,49.133048,31,2,69.509812,17.938016,0,0,0.25806451612903231,0,0
MD2011MIS,396,MD,2011,MIS,Completed,Madagascar,2011,108,-17.116589,49.805304,32,1,3.827439,0,0,0,0,0,0
MD2011MIS,396,MD,2011,MIS,Completed,Madagascar,2011,109,-15.334862,49.791198,32,2,25.12302,7.73016,3.86508,3.86508,0.30769230769230765,0.5,0.5
MD2011MIS,396,MD,2011,MIS,Completed,Madagascar,2011,110,-16.144564,49.708863,32,2,17.62231,7.048924,0,1.762231,0.40000000000000008,0,0.25
MD2011MIS,396,MD,2011,MIS,Completed,Madagascar,2011,111,-16.037401,49.356945,32,2,26.341854,13.170927,1.197357,2.394714,0.5,0.090909090909090898,0.1818181818181818
MD2011MIS,396,MD,2011,MIS,Completed,Madagascar,2011,112,-17.376802,49.390738,32,1,2.665553,0.484646,0.484646,0.484646,0.18181818181818182,1,1
MD2011MIS,396,MD,2011,MIS,Completed,Madagascar,2011,113,-17.393864,49.411294,32,1,3.862224,0.482778,0.241389,0.241389,0.125,0.5,0.5
MD2011MIS,396,MD,2011,MIS,Completed,Madagascar,2011,114,-17.309573,49.236070,32,2,27.393649,2.883542,1.441771,1.441771,0.10526315789473684,0.5,0.5
MD2011MIS,396,MD,2011,MIS,Completed,Madagascar,2011,115,-17.543911,49.217539,32,2,36.30138,3.630138,0,0,0.099999999999999992,0,0
MD2011MIS,396,MD,2011,MIS,Completed,Madagascar,2011,116,-17.591201,48.875538,32,2,79.33814,9.067216,0,0,0.1142857142857143,0,0
MD2011MIS,396,MD,2011,MIS,Completed,Madagascar,2011,117,-17.623707,48.201544,33,2,33.65806,3.365806,0,1.682903,0.10000000000000001,0,0.5
MD2011MIS,396,MD,2011,MIS,Completed,Madagascar,2011,118,-17.648492,48.160054,33,2,7.861364,0,0,0,0,0,0
MD2011MIS,396,MD,2011,MIS,Completed,Madagascar,2011,119,-17.316021,48.540795,33,2,47.053728,3.921144,0,0,0.083333333333333329,0,0
MD2011MIS,396,MD,2011,MIS,Completed,Madagascar,2011,120,-17.824674,48.415996,33,1,3.757089,0.715636,0,0.536727,0.19047619047619049,0,0.74999999999999989
MD2011MIS,396,MD,2011,MIS,Completed,Madagascar,2011,121,-17.834871,48.426147,33,1,6.223868,1.310288,0,0.982716,0.21052631578947364,0,0.75000000000000011
MD2011MIS,396,MD,2011,MIS,Completed,Madagascar,2011,122,-17.591242,48.504941,33,2,9.798528,3.609984,1.547136,1.547136,0.36842105263157898,0.4285714285714286,0.4285714285714286
MD2011MIS,396,MD,2011,MIS,Completed,Madagascar,2011,123,-17.959919,48.473910,33,2,23.626998,3.500296,0.875074,1.750148,0.14814814814814814,0.25,0.5
MD2011MIS,396,MD,2011,MIS,Completed,Madagascar,2011,124,-18.946836,48.236175,33,1,7.273669,1.678539,0,1.119026,0.23076923076923078,0,0.66666666666666674
MD2011MIS,396,MD,2011,MIS,Completed,Madagascar,2011,125,-18.867788,48.003287,33,2,31.521412,0,0,0,0,0,0
MD2011MIS,396,MD,2011,MIS,Completed,Madagascar,2011,126,-19.252811,47.969586,33,2,35.28063,3.92007,0,2.61338,0.1111111111111111,0,0.66666666666666663
MD2011MIS,396,MD,2011,MIS,Completed,Madagascar,2011,127,-19.392699,48.070271,33,2,116.684736,7.292796,0,2.430932,0.0625,0,0.33333333333333331
MD2011MIS,396,MD,2011,MIS,Completed,Madagascar,2011,128,-15.702896,46.320916,41,1,5.079158,1.813985,0.725594,1.451188,0.35714285714285715,0.39999999999999997,0.79999999999999993
MD2011MIS,396,MD,2011,MIS,Completed,Madagascar,2011,129,-15.712030,46.312129,41,1,5.792696,0,0,0,0,0,0
MD2011MIS,396,MD,2011,MIS,Completed,Madagascar,2011,130,-15.715470,46.313029,41,1,0.827307,0,0,0,0,0,0
MD2011MIS,396,MD,2011,MIS,Completed,Madagascar,2011,131,-15.726158,46.313601,41,1,5.12855,3.07713,0.512855,2.564275,0.59999999999999998,0.16666666666666666,0.83333333333333326
MD2011MIS,396,MD,2011,MIS,Completed,Madagascar,2011,132,-15.714475,46.315753,41,1,4.802908,0.436628,0.436628,0.436628,0.090909090909090912,1,1
MD2011MIS,396,MD,2011,MIS,Completed,Madagascar,2011,133,-15.702466,46.351621,41,1,4.995841,0.881619,0,0.293873,0.1764705882352941,0,0.33333333333333331
MD2011MIS,396,MD,2011,MIS,Completed,Madagascar,2011,134,-15.723019,46.339784,41,1,10.466673,0.996826,0,0.498413,0.095238095238095233,0,0.5
MD2011MIS,396,MD,2011,MIS,Completed,Madagascar,2011,135,-15.998489,45.500176,41,2,102.36996,11.37444,0,0,0.1111111111111111,0,0
MD2011MIS,396,MD,2011,MIS,Completed,Madagascar,2011,136,-16.442812,46.492925,41,2,55.414425,0,0,0,0,0,0
MD2011MIS,396,MD,2011,MIS,Completed,Madagascar,2011,137,-16.103292,46.680488,41,1,10.570574,1.112692,0.556346,0.556346,0.10526315789473684,0.5,0.5
MD2011MIS,396,MD,2011,MIS,Completed,Madagascar,2011,138,-16.051858,46.603204,41,2,30.535336,0,0,0,0,0,0
MD2011MIS,396,MD,2011,MIS,Completed,Madagascar,2011,139,-16.278825,46.571333,41,2,67.800568,6.163688,3.081844,3.081844,0.090909090909090912,0.5,0.5
MD2011MIS,396,MD,2011,MIS,Completed,Madagascar,2011,140,-15.768371,47.040959,41,2,48.84147,6.512196,0,0,0.13333333333333333,0,0
MD2011MIS,396,MD,2011,MIS,Completed,Madagascar,2011,141,-15.561688,47.626200,42,1,5.20126,0.520126,0,0,0.099999999999999992,0,0
MD2011MIS,396,MD,2011,MIS,Completed,Madagascar,2011,142,-15.871207,48.106714,42,2,33.55198,3.05018,0,0,0.090909090909090912,0,0
MD2011MIS,396,MD,2011,MIS,Completed,Madagascar,2011,143,-15.861524,48.818809,42,1,1.579435,0.430755,0,0.28717,0.27272727272727276,0,0.66666666666666663
MD2011MIS,396,MD,2011,MIS,Completed,Madagascar,2011,144,-15.716671,48.978332,42,2,38.581134,14.214102,4.061172,4.061172,0.36842105263157898,0.2857142857142857,0.2857142857142857
MD2011MIS,396,MD,2011,MIS,Completed,Madagascar,2011,145,-16.404655,48.985022,42,2,21.535806,0.742614,0.742614,0.742614,0.034482758620689655,1,1
MD2011MIS,396,MD,2011,MIS,Completed,Madagascar,2011,146,-15.075707,47.535044,42,2,64.488606,9.212658,3.070886,3.070886,0.14285714285714285,0.33333333333333331,0.33333333333333331
MD2011MIS,396,MD,2011,MIS,Completed,Madagascar,2011,147,-14.993150,48.518320,42,2,52.606136,7.173564,4.782376,4.782376,0.13636363636363635,0.66666666666666674,0.66666666666666674
MD2011MIS,396,MD,2011,MIS,Completed,Madagascar,2011,148,-14.872626,47.988009,42,1,1.474146,0.491382,0,0,0.33333333333333331,0,0
MD2011MIS,396,MD,2011,MIS,Completed,Madagascar,2011,149,-14.948089,48.176086,42,2,72.909536,9.59336,0,0,0.13157894736842105,0,0
MD2011MIS,396,MD,2011,MIS,Completed,Madagascar,2011,150,-14.636737,48.820788,42,2,46.6052,3.728416,1.864208,1.864208,0.080000000000000002,0.5,0.5
MD2011MIS,396,MD,2011,MIS,Completed,Madagascar,2011,151,-16.006600,47.637962,42,2,26.111553,2.008581,0,2.008581,0.076923076923076913,0,1
MD2011MIS,396,MD,2011,MIS,Completed,Madagascar,2011,152,-16.941107,46.832005,43,1,1.69674,0.509022,0.339348,0.509022,0.29999999999999999,0.66666666666666663,1
MD2011MIS,396,MD,2011,MIS,Completed,Madagascar,2011,153,-17.399960,47.208476,43,2,65.618232,19.138651,0,2.734093,0.29166666666666663,0,0.14285714285714288
MD2011MIS,396,MD,2011,MIS,Completed,Madagascar,2011,154,-16.489567,47.529460,43,2,97.033464,2.695374,2.695374,2.695374,0.02777777777777778,1,1
MD2011MIS,396,MD,2011,MIS,Completed,Madagascar,2011,156,-18.065057,44.025438,44,1,9.02445,0,0,0,0,0,0
MD2011MIS,396,MD,2011,MIS,Completed,Madagascar,2011,157,-18.136618,44.119939,44,2,70.421664,2.934236,0,0,0.041666666666666657,0,0
MD2011MIS,396,MD,2011,MIS,Completed,Madagascar,2011,158,-23.354875,43.680849,51,1,3.432504,0.429063,0,0,0.125,0,0
MD2011MIS,396,MD,2011,MIS,Completed,Madagascar,2011,159,-23.357685,43.685583,51,1,7.308336,0.913542,0,0.456771,0.125,0,0.5
MD2011MIS,396,MD,2011,MIS,Completed,Madagascar,2011,160,-23.356377,43.681809,51,1,3.868469,0.703358,0.351679,0.351679,0.18181818181818182,0.5,0.5
MD2011MIS,396,MD,2011,MIS,Completed,Madagascar,2011,161,-23.339526,43.700218,51,1,4.698562,1.281426,0.427142,0.854284,0.27272727272727271,0.33333333333333337,0.66666666666666674
MD2011MIS,396,MD,2011,MIS,Completed,Madagascar,2011,162,-23.343787,43.671661,51,1,12.8814,2.061024,0.515256,1.030512,0.16000000000000003,0.25,0.5
MD2011MIS,396,MD,2011,MIS,Completed,Madagascar,2011,163,-21.653477,45.142269,51,2,49.057852,2.885756,0,0,0.058823529411764712,0,0
MD2011MIS,396,MD,2011,MIS,Completed,Madagascar,2011,164,-22.289924,44.526028,51,2,57.84246,9.13302,3.04434,3.04434,0.15789473684210525,0.33333333333333331,0.33333333333333331
MD2011MIS,396,MD,2011,MIS,Completed,Madagascar,2011,165,-23.953101,44.584916,51,2,12.522166,2.72221,0.544442,0.544442,0.21739130434782608,0.19999999999999998,0.19999999999999998
MD2011MIS,396,MD,2011,MIS,Completed,Madagascar,2011,166,-23.813810,44.064056,51,2,10.952259,1.480035,0.888021,0.888021,0.13513513513513514,0.59999999999999998,0.59999999999999998
MD2011MIS,396,MD,2011,MIS,Completed,Madagascar,2011,167,-23.906075,44.458732,51,2,11.493436,2.224536,0,0,0.19354838709677419,0,0
MD2011MIS,396,MD,2011,MIS,Completed,Madagascar,2011,168,-23.726547,44.502692,51,2,6.746166,0.749574,0,0,0.1111111111111111,0,0
MD2011MIS,396,MD,2011,MIS,Completed,Madagascar,2011,169,-23.564315,44.768552,51,2,73.402512,6.116876,0,0,0.083333333333333343,0,0
MD2011MIS,396,MD,2011,MIS,Completed,Madagascar,2011,170,-23.823581,44.922744,51,2,10.987644,1.938996,1.61583,1.61583,0.17647058823529413,0.83333333333333337,0.83333333333333337
MD2011MIS,396,MD,2011,MIS,Completed,Madagascar,2011,171,-24.691411,44.747759,51,2,7.40855,1.778052,0,1.48171,0.23999999999999999,0,0.83333333333333337
MD2011MIS,396,MD,2011,MIS,Completed,Madagascar,2011,172,-25.101249,44.612737,51,2,7.590373,1.308685,0,0.261737,0.17241379310344829,0,0.19999999999999998
MD2011MIS,396,MD,2011,MIS,Completed,Madagascar,2011,173,-24.685432,44.944602,51,2,6.982866,1.692816,0.846408,1.05801,0.24242424242424246,0.5,0.62499999999999989
MD2011MIS,396,MD,2011,MIS,Completed,Madagascar,2011,174,-24.347501,45.004257,51,2,7.32875,1.1275,0.56375,0.845625,0.15384615384615383,0.5,0.75
MD2011MIS,396,MD,2011,MIS,Completed,Madagascar,2011,175,-24.440957,44.728639,51,2,5.516711,0.719571,0.239857,0.239857,0.13043478260869565,0.33333333333333331,0.33333333333333331
MD2011MIS,396,MD,2011,MIS,Completed,Madagascar,2011,176,-24.124251,44.528561,51,2,5.8775,0.58775,0.293875,0.293875,0.099999999999999992,0.5,0.5
MD2011MIS,396,MD,2011,MIS,Completed,Madagascar,2011,177,-24.369787,44.496656,51,2,6.976704,0.290696,0.290696,0.290696,0.041666666666666671,1,1
MD2011MIS,396,MD,2011,MIS,Completed,Madagascar,2011,178,-24.360892,44.617637,51,2,3.385998,0.161238,0,0,0.047619047619047616,0,0
MD2011MIS,396,MD,2011,MIS,Completed,Madagascar,2011,179,-24.189745,44.424198,51,2,5.217312,0.489123,0,0,0.09375,0,0
MD2011MIS,396,MD,2011,MIS,Completed,Madagascar,2011,180,-24.321152,44.694051,51,2,5.567386,1.012252,0.253063,0.253063,0.1818181818181818,0.25,0.25
MD2011MIS,396,MD,2011,MIS,Completed,Madagascar,2011,181,-25.020744,44.259983,51,2,10.037522,1.745656,0,0,0.17391304347826089,0,0
MD2011MIS,396,MD,2011,MIS,Completed,Madagascar,2011,182,-24.151565,44.560886,51,2,4.828518,0.268251,0,0,0.055555555555555559,0,0
MD2011MIS,396,MD,2011,MIS,Completed,Madagascar,2011,183,-23.956033,44.917997,51,2,9.32889599999999,2.332224,0.777408,1.29568,0.25000000000000028,0.33333333333333331,0.55555555555555547
MD2011MIS,396,MD,2011,MIS,Completed,Madagascar,2011,184,-24.055029,44.945577,51,2,10.259795,1.758822,1.172548,1.172548,0.17142857142857143,0.66666666666666663,0.66666666666666663
MD2011MIS,396,MD,2011,MIS,Completed,Madagascar,2011,185,-24.290861,43.752599,51,2,6.7302,0.269208,0.269208,0.269208,0.040000000000000001,1,1
MD2011MIS,396,MD,2011,MIS,Completed,Madagascar,2011,186,-24.718237,43.993635,51,2,7.469952,0.933744,0.622496,0.622496,0.125,0.66666666666666674,0.66666666666666674
MD2011MIS,396,MD,2011,MIS,Completed,Madagascar,2011,187,-25.001008,44.084262,51,2,9.276675,0.371067,0.371067,0.371067,0.040000000000000001,1,1
MD2011MIS,396,MD,2011,MIS,Completed,Madagascar,2011,188,-23.300262,43.691247,51,2,50.093164,9.107848,0,0,0.18181818181818182,0,0
MD2011MIS,396,MD,2011,MIS,Completed,Madagascar,2011,189,-22.882589,43.578475,51,2,73.087725,0,0,0,0,0,0
MD2011MIS,396,MD,2011,MIS,Completed,Madagascar,2011,190,-23.511650,44.999794,51,2,35.748384,4.468548,1.489516,1.489516,0.125,0.33333333333333331,0.33333333333333331
MD2011MIS,396,MD,2011,MIS,Completed,Madagascar,2011,191,-25.099359,44.978845,52,2,10.470824,1.208172,0.805448,0.805448,0.11538461538461538,0.66666666666666674,0.66666666666666674
MD2011MIS,396,MD,2011,MIS,Completed,Madagascar,2011,192,-25.160970,44.944296,52,2,4.962078,0.522324,0,0,0.10526315789473685,0,0
MD2011MIS,396,MD,2011,MIS,Completed,Madagascar,2011,193,-25.069407,45.192595,52,2,8.939408,0.865104,0.865104,0.865104,0.096774193548387094,1,1
MD2011MIS,396,MD,2011,MIS,Completed,Madagascar,2011,194,-25.062218,44.824477,52,2,3.640875,1.04025,0.520125,0.520125,0.2857142857142857,0.5,0.5
MD2011MIS,396,MD,2011,MIS,Completed,Madagascar,2011,195,-24.776946,45.133785,52,2,5.714962,1.039084,0.259771,0.259771,0.1818181818181818,0.25,0.25
MD2011MIS,396,MD,2011,MIS,Completed,Madagascar,2011,196,-24.929980,45.207943,52,2,7.972239,1.800183,0,0.257169,0.22580645161290325,0,0.14285714285714285
MD2011MIS,396,MD,2011,MIS,Completed,Madagascar,2011,197,-25.267321,45.392926,52,2,12.382237,2.303672,0.863877,0.863877,0.186046511627907,0.375,0.375
MD2011MIS,396,MD,2011,MIS,Completed,Madagascar,2011,198,-25.394829,45.326242,52,2,10.23876,0.60228,0.30114,0.30114,0.058823529411764712,0.5,0.5
MD2011MIS,396,MD,2011,MIS,Completed,Madagascar,2011,199,-25.557818,45.407708,52,2,5.866266,0.279346,0,0,0.047619047619047609,0,0
MD2011MIS,396,MD,2011,MIS,Completed,Madagascar,2011,200,-25.507498,45.626737,52,2,3.363767,0.305797,0.305797,0.305797,0.090909090909090898,1,1
MD2011MIS,396,MD,2011,MIS,Completed,Madagascar,2011,201,-25.328306,45.673724,52,2,5.791674,0.551588,0.551588,0.551588,0.095238095238095219,1,1
MD2011MIS,396,MD,2011,MIS,Completed,Madagascar,2011,202,-25.323826,45.702531,52,2,6.166342,0.948668,0.711501,0.711501,0.15384615384615383,0.75000000000000011,0.75000000000000011
MD2011MIS,396,MD,2011,MIS,Completed,Madagascar,2011,203,-25.173443,46.103053,52,2,3.944115,0.525882,0.262941,0.262941,0.13333333333333333,0.5,0.5
MD2011MIS,396,MD,2011,MIS,Completed,Madagascar,2011,204,-25.188930,46.064809,52,2,0.875808,0.097312,0,0.097312,0.1111111111111111,0,1
MD2011MIS,396,MD,2011,MIS,Completed,Madagascar,2011,205,-25.211952,46.122989,52,2,4.430036,0.511158,0.170386,0.511158,0.11538461538461538,0.33333333333333337,1
MD2011MIS,396,MD,2011,MIS,Completed,Madagascar,2011,206,-25.257681,45.985519,52,2,5.327688,0,0,0,0,0,0
MD2011MIS,396,MD,2011,MIS,Completed,Madagascar,2011,207,-25.073350,46.163552,52,2,4.575185,0.94659,0.473295,0.473295,0.20689655172413793,0.5,0.5
MD2011MIS,396,MD,2011,MIS,Completed,Madagascar,2011,208,-25.243166,45.956412,52,2,13.914824,2.555784,1.987832,1.987832,0.18367346938775511,0.77777777777777779,0.77777777777777779
MD2011MIS,396,MD,2011,MIS,Completed,Madagascar,2011,209,-25.169482,45.975643,52,2,6.774688,2.11709,0.846836,0.846836,0.3125,0.39999999999999997,0.39999999999999997
MD2011MIS,396,MD,2011,MIS,Completed,Madagascar,2011,210,-25.197125,46.137382,52,2,3.507468,0.584578,0.292289,0.292289,0.16666666666666669,0.5,0.5
MD2011MIS,396,MD,2011,MIS,Completed,Madagascar,2011,211,-25.190595,46.216383,52,2,13.1145,0.6245,0.6245,0.6245,0.047619047619047623,1,1
MD2011MIS,396,MD,2011,MIS,Completed,Madagascar,2011,212,-25.250972,45.866953,52,2,1.443211,0,0,0,0,0,0
MD2011MIS,396,MD,2011,MIS,Completed,Madagascar,2011,213,-25.362089,45.841655,52,2,4.311476,0.663304,0.497478,0.497478,0.15384615384615385,0.75,0.75
MD2011MIS,396,MD,2011,MIS,Completed,Madagascar,2011,214,-25.153752,45.828858,52,2,8.575952,0.306284,0,0,0.035714285714285719,0,0
MD2011MIS,396,MD,2011,MIS,Completed,Madagascar,2011,215,-25.174242,45.636248,52,2,8.254811,0.669309,0,0,0.081081081081081086,0,0
MD2011MIS,396,MD,2011,MIS,Completed,Madagascar,2011,216,-24.824555,45.651957,52,2,7.343116,0.863896,0,0.431948,0.11764705882352941,0,0.5
MD2011MIS,396,MD,2011,MIS,Completed,Madagascar,2011,217,-24.625139,45.555135,52,2,12.0583,1.688162,1.20583,1.20583,0.14000000000000001,0.7142857142857143,0.7142857142857143
MD2011MIS,396,MD,2011,MIS,Completed,Madagascar,2011,218,-24.705849,45.535699,52,2,7.418516,1.324735,0.529894,0.529894,0.17857142857142858,0.39999999999999997,0.39999999999999997
MD2011MIS,396,MD,2011,MIS,Completed,Madagascar,2011,219,-24.904502,45.549196,52,2,18.296145,2.846067,0.406581,1.219743,0.15555555555555556,0.14285714285714285,0.42857142857142855
MD2011MIS,396,MD,2011,MIS,Completed,Madagascar,2011,220,-25.096142,45.567249,52,2,6.726537,0.498262,0.249131,0.249131,0.07407407407407407,0.5,0.5
MD2011MIS,396,MD,2011,MIS,Completed,Madagascar,2011,221,-24.455572,45.965669,52,2,6.775453,0.437126,0.218563,0.218563,0.064516129032258063,0.5,0.5
MD2011MIS,396,MD,2011,MIS,Completed,Madagascar,2011,222,-24.301699,45.459283,52,2,58.346703,8.643956,4.321978,4.321978,0.14814814814814814,0.5,0.5
MD2011MIS,396,MD,2011,MIS,Completed,Madagascar,2011,223,-25.028465,46.989476,53,1,7.036596,1.172766,0.390922,0.781844,0.16666666666666666,0.33333333333333331,0.66666666666666663
MD2011MIS,396,MD,2011,MIS,Completed,Madagascar,2011,224,-25.032480,46.981931,53,1,5.768807,2.097748,1.048874,1.573311,0.3636363636363637,0.5,0.74999999999999989
MD2011MIS,396,MD,2011,MIS,Completed,Madagascar,2011,225,-25.182991,46.661315,53,2,58.196502,11.085048,5.542524,5.542524,0.19047619047619047,0.5,0.5
MD2011MIS,396,MD,2011,MIS,Completed,Madagascar,2011,226,-25.168547,46.552792,53,2,8.454878,1.090952,0.545476,0.545476,0.1290322580645161,0.5,0.5
MD2011MIS,396,MD,2011,MIS,Completed,Madagascar,2011,227,-24.584541,46.936965,53,2,8.062756,1.240424,0,0,0.15384615384615383,0,0
MD2011MIS,396,MD,2011,MIS,Completed,Madagascar,2011,228,-23.279202,46.095242,53,1,2.45371,0.981484,0.490742,0.736113,0.40000000000000002,0.5,0.75
MD2011MIS,396,MD,2011,MIS,Completed,Madagascar,2011,229,-22.812113,45.737504,53,2,26.723193,1.272533,1.272533,1.272533,0.047619047619047616,1,1
MD2011MIS,396,MD,2011,MIS,Completed,Madagascar,2011,230,-25.004016,46.387590,53,2,19.558722,3.183978,0,0,0.16279069767441862,0,0
MD2011MIS,396,MD,2011,MIS,Completed,Madagascar,2011,231,-25.030748,46.377009,53,2,25.641112,3.663016,0.915754,1.373631,0.14285714285714285,0.25,0.37500000000000006
MD2011MIS,396,MD,2011,MIS,Completed,Madagascar,2011,232,-24.982191,46.365524,53,2,13.630848,2.478336,0.929376,1.54896,0.18181818181818182,0.375,0.62499999999999989
MD2011MIS,396,MD,2011,MIS,Completed,Madagascar,2011,233,-25.058228,46.481009,53,2,12.473478,1.467468,0.366867,0.733734,0.11764705882352941,0.25,0.5
MD2011MIS,396,MD,2011,MIS,Completed,Madagascar,2011,234,-25.179903,46.311690,53,2,7.511532,0.715384,0.357692,0.357692,0.095238095238095247,0.5,0.5
MD2011MIS,396,MD,2011,MIS,Completed,Madagascar,2011,235,-24.920605,46.214682,53,2,14.381184,1.49804,0.898824,1.198432,0.10416666666666667,0.59999999999999998,0.79999999999999993
MD2011MIS,396,MD,2011,MIS,Completed,Madagascar,2011,236,-24.284011,46.578918,53,2,4.87566,0.72232,0.54174,0.54174,0.14814814814814814,0.75,0.75
MD2011MIS,396,MD,2011,MIS,Completed,Madagascar,2011,237,-24.168678,46.851046,53,2,8.584975,1.716995,1.030197,1.030197,0.20000000000000001,0.59999999999999998,0.59999999999999998
MD2011MIS,396,MD,2011,MIS,Completed,Madagascar,2011,238,-24.211906,46.378593,53,2,6.84585,0.76065,0,0,0.1111111111111111,0,0
MD2011MIS,396,MD,2011,MIS,Completed,Madagascar,2011,239,-24.048567,46.080959,53,2,11.535997,1.609674,0,0.536558,0.13953488372093023,0,0.33333333333333331
MD2011MIS,396,MD,2011,MIS,Completed,Madagascar,2011,240,-24.303825,45.975420,53,2,6.704166,1.755853,0.638492,0.638492,0.26190476190476192,0.36363636363636359,0.36363636363636359
MD2011MIS,396,MD,2011,MIS,Completed,Madagascar,2011,241,-24.467831,46.158647,53,2,7.853768,2.416544,0,0.302068,0.30769230769230771,0,0.125
MD2011MIS,396,MD,2011,MIS,Completed,Madagascar,2011,242,-21.631449,43.781477,54,2,47.805098,0,0,0,0,0,0
MD2011MIS,396,MD,2011,MIS,Completed,Madagascar,2011,243,-20.297609,44.277237,54,1,9.91683,1.652805,1.10187,1.10187,0.16666666666666669,0.66666666666666663,0.66666666666666663
MD2011MIS,396,MD,2011,MIS,Completed,Madagascar,2011,244,-20.306225,44.281187,54,1,6.133078,2.190385,0.438077,1.314231,0.35714285714285715,0.19999999999999998,0.59999999999999998
MD2011MIS,396,MD,2011,MIS,Completed,Madagascar,2011,245,-20.304271,44.840002,54,2,66.193625,5.29549,2.647745,2.647745,0.080000000000000002,0.5,0.5
MD2011MIS,396,MD,2011,MIS,Completed,Madagascar,2011,246,-19.395756,44.630312,54,2,46.48188,1.936745,0,0,0.041666666666666671,0,0
MD2011MIS,396,MD,2011,MIS,Completed,Madagascar,2011,247,-19.349677,45.455303,54,2,75.861396,17.506476,0,2.917746,0.23076923076923075,0,0.16666666666666669
MD2011MIS,396,MD,2011,MIS,Completed,Madagascar,2011,248,-12.606411,49.260711,71,2,46.814243,8.261337,0,5.507558,0.1764705882352941,0,0.66666666666666674
MD2011MIS,396,MD,2011,MIS,Completed,Madagascar,2011,249,-12.287421,49.292925,71,1,2.516328,0,0,0,0,0,0
MD2011MIS,396,MD,2011,MIS,Completed,Madagascar,2011,250,-12.287285,49.298473,71,1,4.856532,0.809422,0,0.404711,0.16666666666666669,0,0.5
MD2011MIS,396,MD,2011,MIS,Completed,Madagascar,2011,251,-12.286494,49.312755,71,1,5.53096,0.345685,0,0,0.0625,0,0
MD2011MIS,396,MD,2011,MIS,Completed,Madagascar,2011,252,-12.316362,49.294020,71,1,9.18909,1.531515,0.510505,0.510505,0.16666666666666666,0.33333333333333331,0.33333333333333331
MD2011MIS,396,MD,2011,MIS,Completed,Madagascar,2011,253,-13.211192,49.044668,71,1,9.594772,1.514964,0.504988,0.504988,0.15789473684210525,0.33333333333333331,0.33333333333333331
MD2011MIS,396,MD,2011,MIS,Completed,Madagascar,2011,254,-13.692506,48.797599,71,2,40.968422,0,0,0,0,0,0
MD2011MIS,396,MD,2011,MIS,Completed,Madagascar,2011,255,-13.408888,48.262938,71,1,4.618845,0,0,0,0,0,0
MD2011MIS,396,MD,2011,MIS,Completed,Madagascar,2011,256,-13.336980,48.198761,71,1,4.65274,0.930548,0,0,0.20000000000000001,0,0
MD2011MIS,396,MD,2011,MIS,Completed,Madagascar,2011,257,-13.689529,48.454315,71,1,6.41795,1.75035,0,1.1669,0.27272727272727271,0,0.66666666666666663
MD2011MIS,396,MD,2011,MIS,Completed,Madagascar,2011,258,-13.605809,48.415976,71,2,40.27678,12.083034,12.083034,12.083034,0.29999999999999999,1,1
MD2011MIS,396,MD,2011,MIS,Completed,Madagascar,2011,259,-14.902631,50.272617,72,1,3.649752,0.456219,0,0,0.125,0,0
MD2011MIS,396,MD,2011,MIS,Completed,Madagascar,2011,260,-14.680007,50.211971,72,2,23.79293,0,0,0,0,0,0
MD2011MIS,396,MD,2011,MIS,Completed,Madagascar,2011,261,-14.608716,49.961256,72,2,46.270871,4.870618,0,0,0.10526315789473685,0,0
MD2011MIS,396,MD,2011,MIS,Completed,Madagascar,2011,262,-14.268091,50.143075,72,1,3.120072,0.520012,0,0,0.16666666666666669,0,0
MD2011MIS,396,MD,2011,MIS,Completed,Madagascar,2011,263,-14.464196,50.055314,72,2,48.257312,0,0,0,0,0,0
MD2011MIS,396,MD,2011,MIS,Completed,Madagascar,2011,264,-14.651170,49.632103,72,1,6.73932,1.68483,0.56161,0.56161,0.25,0.33333333333333337,0.33333333333333337
MD2011MIS,396,MD,2011,MIS,Completed,Madagascar,2011,265,-14.663314,49.659668,72,2,59.765685,5.69197,0,0,0.095238095238095247,0,0
MD2011MIS,396,MD,2011,MIS,Completed,Madagascar,2011,266,-14.378260,49.512245,72,2,22.291497,4.953666,2.476833,2.476833,0.22222222222222224,0.5,0.5
MD2011MIS,396,MD,2011,MIS,Completed,Madagascar,2011,267,-13.354909,50.012471,72,1,6.788054,0,0,0,0,0,0
MD2011MIS,396,MD,2011,MIS,Completed,Madagascar,2011,268,-13.903098,49.727993,72,2,68.053158,0,0,0,0,0,0
